ID,First Name,Last Name,Email,Age,City,Department,Salary
1,Kenneth,Brown,kenneth.brown1@example.com,23,Dallas,HR,69256
2,William,White,william.white2@example.com,28,Seattle,Marketing,117397
3,Margaret,Johnson,margaret.johnson3@example.com,23,Chicago,HR,70495
4,Steven,Martin,steven.martin4@example.com,23,Seattle,HR,133850
5,Dorothy,Thompson,dorothy.thompson5@example.com,56,Columbus,HR,98878
6,Donna,Rodriguez,donna.rodriguez6@example.com,22,Philadelphia,Operations,84597
7,Sarah,Jones,sarah.jones7@example.com,35,Austin,Marketing,52156
8,Matthew,Brown,matthew.brown8@example.com,44,Jacksonville,Product,74671
9,John,White,john.white9@example.com,51,Seattle,Marketing,89615
10,Jennifer,Moore,jennifer.moore10@example.com,40,Washington,Support,115674
11,Richard,Thompson,richard.thompson11@example.com,26,Los Angeles,HR,141327
12,Charles,Williams,charles.williams12@example.com,36,Houston,Operations,76434
13,Sandra,Lee,sandra.lee13@example.com,45,Philadelphia,Support,86566
14,Susan,Perez,susan.perez14@example.com,39,Chicago,Product,123227
15,David,Moore,david.moore15@example.com,37,Philadelphia,IT,89735
16,Sarah,Robinson,sarah.robinson16@example.com,62,Seattle,HR,129733
17,Christopher,Clark,christopher.clark17@example.com,25,San Diego,Sales,145518
18,Christopher,Gonzalez,christopher.gonzalez18@example.com,39,Chicago,HR,114341
19,Amanda,Hernandez,amanda.hernandez19@example.com,35,San Francisco,Operations,124259
20,Sandra,Jones,sandra.jones20@example.com,38,Phoenix,HR,137647
21,Emily,Moore,emily.moore21@example.com,38,Denver,Operations,116484
22,Betty,Lopez,betty.lopez22@example.com,36,Phoenix,Legal,104686
23,Jennifer,Harris,jennifer.harris23@example.com,25,Houston,Engineering,122240
24,David,Sanchez,david.sanchez24@example.com,65,Columbus,Product,48326
25,Matthew,Gonzalez,matthew.gonzalez25@example.com,60,Charlotte,Legal,72953
26,Emily,Ramirez,emily.ramirez26@example.com,22,Houston,Legal,138419
27,Sarah,Harris,sarah.harris27@example.com,63,Austin,Marketing,78469
28,Margaret,Garcia,margaret.garcia28@example.com,51,New York,Finance,105612
29,Timothy,Garcia,timothy.garcia29@example.com,54,Houston,Finance,123748
30,Steven,Martin,steven.martin30@example.com,34,Phoenix,Support,139943
31,David,Moore,david.moore31@example.com,55,New York,Product,82487
32,Ashley,Smith,ashley.smith32@example.com,29,Jacksonville,Finance,71385
33,Patricia,Davis,patricia.davis33@example.com,58,Chicago,Marketing,135932
34,Ashley,Clark,ashley.clark34@example.com,26,Seattle,Engineering,56828
35,Kevin,Thomas,kevin.thomas35@example.com,57,Philadelphia,Finance,109163
36,Joshua,Wilson,joshua.wilson36@example.com,35,Seattle,HR,133447
37,Karen,Gonzalez,karen.gonzalez37@example.com,64,Jacksonville,IT,107839
38,Mark,Brown,mark.brown38@example.com,37,San Diego,Marketing,84313
39,Mary,Jackson,mary.jackson39@example.com,57,San Diego,Product,68864
40,James,Williams,james.williams40@example.com,62,Los Angeles,HR,48834
41,John,Ramirez,john.ramirez41@example.com,43,Chicago,Legal,71195
42,Sarah,Perez,sarah.perez42@example.com,53,San Antonio,Legal,57342
43,George,Robinson,george.robinson43@example.com,58,Denver,IT,71850
44,Donald,Sanchez,donald.sanchez44@example.com,48,San Antonio,Marketing,52704
45,Kevin,Wilson,kevin.wilson45@example.com,44,Columbus,Operations,101213
46,George,Johnson,george.johnson46@example.com,65,Houston,Sales,92772
47,George,Hernandez,george.hernandez47@example.com,28,San Diego,HR,64931
48,Paul,Anderson,paul.anderson48@example.com,30,Columbus,Engineering,76509
49,Sandra,Davis,sandra.davis49@example.com,26,Charlotte,Legal,52833
50,Patricia,Lee,patricia.lee50@example.com,56,New York,Marketing,138771
51,Jessica,Garcia,jessica.garcia51@example.com,48,San Francisco,IT,68016
52,Betty,Lewis,betty.lewis52@example.com,25,Philadelphia,Operations,40282
53,Matthew,Rodriguez,matthew.rodriguez53@example.com,51,San Jose,Operations,131303
54,George,Sanchez,george.sanchez54@example.com,57,San Francisco,Engineering,64890
55,Charles,Miller,charles.miller55@example.com,25,Denver,Legal,47989
56,Melissa,Hernandez,melissa.hernandez56@example.com,25,Los Angeles,Product,102493
57,Steven,Robinson,steven.robinson57@example.com,55,Philadelphia,Sales,106562
58,Jennifer,Ramirez,jennifer.ramirez58@example.com,33,Chicago,Product,48907
59,Carol,Ramirez,carol.ramirez59@example.com,37,Fort Worth,Marketing,114668
60,Jessica,Jackson,jessica.jackson60@example.com,60,Los Angeles,Product,50745
61,Anthony,Perez,anthony.perez61@example.com,59,Denver,Legal,81467
62,Thomas,Miller,thomas.miller62@example.com,64,Austin,HR,74814
63,Betty,Jones,betty.jones63@example.com,64,San Jose,IT,81441
64,Timothy,Robinson,timothy.robinson64@example.com,26,New York,IT,121416
65,Andrew,Brown,andrew.brown65@example.com,26,Seattle,HR,106307
66,Thomas,Jones,thomas.jones66@example.com,44,Chicago,HR,88434
67,Charles,Garcia,charles.garcia67@example.com,50,Seattle,Finance,120173
68,Dorothy,Taylor,dorothy.taylor68@example.com,22,Seattle,Finance,126951
69,Michael,Lewis,michael.lewis69@example.com,30,Dallas,Marketing,54029
70,Melissa,Moore,melissa.moore70@example.com,31,Dallas,Finance,119276
71,Susan,Thompson,susan.thompson71@example.com,43,San Antonio,Finance,106244
72,Ashley,Rodriguez,ashley.rodriguez72@example.com,25,Chicago,Operations,148704
73,Sarah,Johnson,sarah.johnson73@example.com,22,Austin,Engineering,123507
74,Thomas,Garcia,thomas.garcia74@example.com,50,Seattle,Operations,113519
75,James,Brown,james.brown75@example.com,26,Phoenix,Legal,44722
76,Lisa,Jackson,lisa.jackson76@example.com,57,Phoenix,Operations,56704
77,John,Martinez,john.martinez77@example.com,45,Los Angeles,Support,67535
78,Carol,Davis,carol.davis78@example.com,64,Houston,Support,142251
79,Emily,Lewis,emily.lewis79@example.com,48,Washington,Engineering,71029
80,David,Sanchez,david.sanchez80@example.com,33,Columbus,Sales,63509
81,Melissa,Robinson,melissa.robinson81@example.com,43,Columbus,HR,74970
82,David,Sanchez,david.sanchez82@example.com,28,Fort Worth,Sales,101694
83,Joseph,Miller,joseph.miller83@example.com,51,Jacksonville,Finance,147549
84,Joseph,Davis,joseph.davis84@example.com,23,San Antonio,Operations,83025
85,Sarah,Ramirez,sarah.ramirez85@example.com,26,Dallas,Support,124080
86,Steven,Gonzalez,steven.gonzalez86@example.com,65,Seattle,Support,43617
87,Linda,Lewis,linda.lewis87@example.com,38,Philadelphia,Product,74795
88,John,Brown,john.brown88@example.com,60,Columbus,Support,135491
89,Christopher,Wilson,christopher.wilson89@example.com,60,Indianapolis,Marketing,90488
90,Andrew,Miller,andrew.miller90@example.com,38,Los Angeles,Operations,40221
91,Kimberly,Robinson,kimberly.robinson91@example.com,56,San Antonio,Support,96531
92,Robert,Perez,robert.perez92@example.com,43,Washington,Support,126951
93,Linda,White,linda.white93@example.com,41,Indianapolis,Finance,127410
94,Anthony,Hernandez,anthony.hernandez94@example.com,47,San Jose,Legal,56683
95,Richard,Wilson,richard.wilson95@example.com,64,Fort Worth,Engineering,120676
96,Andrew,Martinez,andrew.martinez96@example.com,47,Seattle,Sales,79829
97,Charles,Miller,charles.miller97@example.com,49,Denver,Product,125813
98,Christopher,Anderson,christopher.anderson98@example.com,50,Charlotte,HR,107000
99,Donald,Sanchez,donald.sanchez99@example.com,32,Chicago,Finance,107561
100,Kevin,Lee,kevin.lee100@example.com,61,Austin,Marketing,147272
